Experiment,AssayBlock,AssayDate,ExperimentalTreatment,Line,AssayHost,Frequency,CommonHost,Rep,Counter,Live,Total,Mortality,Ancestral,AncSE,DiffAnc,PropChange
AKG,A,6/9/2018,9N:1L,1,N2,common,N2,1,L,72,507,0.857988166,0.727317554,0.069894022,0.130670612,0.179661017
AKG,A,6/9/2018,9N:1L,1,N2,common,N2,2,M,180,507,0.644970414,0.727317554,0.069894022,-0.08234714,-0.113220339
AKG,A,6/9/2018,9N:1L,1,N2,common,N2,3,M,58,507,0.885601578,0.727317554,0.069894022,0.158284024,0.217627119
AKG,A,6/9/2018,9N:1L,1,N2,common,N2,4,M,44,507,0.91321499,0.727317554,0.069894022,0.185897436,0.255593221
AKG,A,6/9/2018,9N:1L,2,N2,common,N2,1,L,81,507,0.840236686,0.727317554,0.069894022,0.112919132,0.155254238
AKG,A,6/9/2018,9N:1L,2,N2,common,N2,2,M,75,507,0.852071006,0.727317554,0.069894022,0.124753452,0.171525424
AKG,A,6/9/2018,9N:1L,2,N2,common,N2,3,L,215,507,0.575936884,0.727317554,0.069894022,-0.15138067,-0.208135593
AKG,A,6/9/2018,9N:1L,2,N2,common,N2,4,L,149,507,0.706114398,0.727317554,0.069894022,-0.021203156,-0.029152542
AKG,A,6/9/2018,9N:1L,3,N2,common,N2,1,L,31,507,0.938856016,0.727317554,0.069894022,0.211538462,0.290847458
AKG,A,6/9/2018,9N:1L,3,N2,common,N2,2,L,83,507,0.836291913,0.727317554,0.069894022,0.108974359,0.149830509
AKG,A,6/9/2018,9N:1L,3,N2,common,N2,3,L,81,507,0.840236686,0.727317554,0.069894022,0.112919132,0.155254238
AKG,A,6/9/2018,9N:1L,3,N2,common,N2,4,M,119,507,0.765285996,0.727317554,0.069894022,0.037968442,0.05220339
AKG,A,6/9/2018,9N:1L,4,N2,common,N2,1,L,135,507,0.733727811,0.727317554,0.069894022,0.006410257,0.00881356
AKG,A,6/9/2018,9N:1L,4,N2,common,N2,2,L,49,507,0.903353057,0.727317554,0.069894022,0.176035503,0.242033899
AKG,A,6/9/2018,9N:1L,4,N2,common,N2,3,L,90,507,0.822485207,0.727317554,0.069894022,0.095167653,0.130847458
AKG,A,6/9/2018,9N:1L,4,N2,common,N2,4,L,134,507,0.735700197,0.727317554,0.069894022,0.008382643,0.011525424
AKG,A,6/9/2018,9N:1L,5,N2,common,N2,1,L,177,507,0.650887574,0.727317554,0.069894022,-0.07642998,-0.105084745
AKG,A,6/9/2018,9N:1L,5,N2,common,N2,2,L,106,507,0.790927022,0.727317554,0.069894022,0.063609468,0.087457627
AKG,A,6/9/2018,9N:1L,5,N2,common,N2,3,M,78,507,0.846153846,0.727317554,0.069894022,0.118836292,0.163389831
AKG,A,6/9/2018,9N:1L,5,N2,common,N2,4,M,113,507,0.777120316,0.727317554,0.069894022,0.049802762,0.068474577
AKG,A,6/9/2018,9N:1L,6,N2,common,N2,1,L,172,507,0.660749507,0.727317554,0.069894022,-0.066568047,-0.091525423
AKG,A,6/9/2018,9N:1L,6,N2,common,N2,2,M,82,507,0.8382643,0.727317554,0.069894022,0.110946746,0.152542373
AKG,A,6/9/2018,9N:1L,6,N2,common,N2,3,M,59,507,0.883629191,0.727317554,0.069894022,0.156311637,0.214915255
AKG,A,6/9/2018,9N:1L,6,N2,common,N2,4,M,64,507,0.873767258,0.727317554,0.069894022,0.146449704,0.201355933
AKG,A,6/9/2018,3N:1L,7,N2,common,N2,1,M,64,507,0.873767258,0.727317554,0.069894022,0.146449704,0.201355933
AKG,A,6/9/2018,3N:1L,7,N2,common,N2,2,M,124,507,0.755424063,0.727317554,0.069894022,0.028106509,0.038644068
AKG,A,6/9/2018,3N:1L,7,N2,common,N2,3,L,129,507,0.74556213,0.727317554,0.069894022,0.018244576,0.025084746
AKG,A,6/9/2018,3N:1L,7,N2,common,N2,4,L,23,507,0.954635108,0.727317554,0.069894022,0.227317554,0.312542373
AKG,A,6/9/2018,3N:1L,8,N2,common,N2,1,M,63,507,0.875739645,0.727317554,0.069894022,0.148422091,0.204067797
AKG,A,6/9/2018,3N:1L,8,N2,common,N2,2,L,151,507,0.702169625,0.727317554,0.069894022,-0.025147929,-0.034576271
AKG,A,6/9/2018,3N:1L,8,N2,common,N2,3,M,56,507,0.889546351,0.727317554,0.069894022,0.162228797,0.223050848
AKG,A,6/9/2018,3N:1L,8,N2,common,N2,4,M,98,507,0.806706114,0.727317554,0.069894022,0.07938856,0.109152543
AKG,A,6/9/2018,3N:1L,9,N2,common,N2,1,M,90,507,0.822485207,0.727317554,0.069894022,0.095167653,0.130847458
AKG,A,6/9/2018,3N:1L,9,N2,common,N2,2,L,41,507,0.91913215,0.727317554,0.069894022,0.191814596,0.263728814
AKG,A,6/9/2018,3N:1L,9,N2,common,N2,3,L,79,507,0.84418146,0.727317554,0.069894022,0.116863906,0.160677966
AKG,A,6/9/2018,3N:1L,9,N2,common,N2,4,M,59,507,0.883629191,0.727317554,0.069894022,0.156311637,0.214915255
AKG,A,6/9/2018,3N:1L,10,N2,common,N2,1,L,285,507,0.437869822,0.727317554,0.069894022,-0.289447732,-0.397966101
AKG,A,6/9/2018,3N:1L,10,N2,common,N2,2,L,136,507,0.731755424,0.727317554,0.069894022,0.00443787,0.006101695
AKG,A,6/9/2018,3N:1L,10,N2,common,N2,3,M,140,507,0.723865878,0.727317554,0.069894022,-0.003451676,-0.004745762
AKG,A,6/9/2018,3N:1L,10,N2,common,N2,4,L,149,507,0.706114398,0.727317554,0.069894022,-0.021203156,-0.029152542
AKG,A,6/9/2018,3N:1L,11,N2,common,N2,1,M,51,507,0.899408284,0.727317554,0.069894022,0.17209073,0.23661017
AKG,A,6/9/2018,3N:1L,11,N2,common,N2,2,L,119,507,0.765285996,0.727317554,0.069894022,0.037968442,0.05220339
AKG,A,6/9/2018,3N:1L,11,N2,common,N2,3,L,167,507,0.67061144,0.727317554,0.069894022,-0.056706114,-0.077966101
AKG,A,6/9/2018,3N:1L,11,N2,common,N2,4,M,95,507,0.812623274,0.727317554,0.069894022,0.08530572,0.117288136
AKG,A,6/9/2018,3N:1L,12,N2,common,N2,1,M,42,507,0.917159763,0.727317554,0.069894022,0.189842209,0.26101695
AKG,A,6/9/2018,3N:1L,12,N2,common,N2,2,L,112,507,0.779092702,0.727317554,0.069894022,0.051775148,0.071186441
AKG,A,6/9/2018,3N:1L,12,N2,common,N2,3,L,67,507,0.867850099,0.727317554,0.069894022,0.140532545,0.193220339
AKG,A,6/9/2018,3N:1L,12,N2,common,N2,4,M,50,507,0.901380671,0.727317554,0.069894022,0.174063117,0.239322034
AKG,A,6/9/2018,1N:3L,13,N2,rare,CF3-wt-inv,1,M,181,507,0.642998028,0.727317554,0.069894022,-0.084319526,-0.115932203
AKG,A,6/9/2018,1N:3L,13,N2,rare,CF3-wt-inv,2,L,75,507,0.852071006,0.727317554,0.069894022,0.124753452,0.171525424
AKG,A,6/9/2018,1N:3L,13,N2,rare,CF3-wt-inv,3,L,195,507,0.615384615,0.727317554,0.069894022,-0.111932939,-0.153898305
AKG,A,6/9/2018,1N:3L,13,N2,rare,CF3-wt-inv,4,L,146,507,0.712031558,0.727317554,0.069894022,-0.015285996,-0.021016949
AKG,A,6/9/2018,1N:3L,14,N2,rare,CF3-wt-inv,1,M,77,507,0.848126233,0.727317554,0.069894022,0.120808679,0.166101695
AKG,A,6/9/2018,1N:3L,14,N2,rare,CF3-wt-inv,2,L,141,507,0.721893491,0.727317554,0.069894022,-0.005424063,-0.007457627
AKG,A,6/9/2018,1N:3L,14,N2,rare,CF3-wt-inv,3,L,86,507,0.830374753,0.727317554,0.069894022,0.103057199,0.141694916
AKG,A,6/9/2018,1N:3L,14,N2,rare,CF3-wt-inv,4,L,81,507,0.840236686,0.727317554,0.069894022,0.112919132,0.155254238
AKG,A,6/9/2018,1N:3L,15,N2,rare,CF3-wt-inv,1,M,153,507,0.698224852,0.727317554,0.069894022,-0.029092702,-0.04
AKG,A,6/9/2018,1N:3L,15,N2,rare,CF3-wt-inv,2,M,110,507,0.783037475,0.727317554,0.069894022,0.055719921,0.07661017
AKG,A,6/9/2018,1N:3L,15,N2,rare,CF3-wt-inv,3,M,61,507,0.879684418,0.727317554,0.069894022,0.152366864,0.209491526
AKG,A,6/9/2018,1N:3L,15,N2,rare,CF3-wt-inv,4,L,189,507,0.627218935,0.727317554,0.069894022,-0.100098619,-0.137627118
AKG,A,6/9/2018,1N:3L,16,N2,rare,CF3-wt-inv,1,L,258,507,0.49112426,0.727317554,0.069894022,-0.236193294,-0.324745762
AKG,A,6/9/2018,1N:3L,16,N2,rare,CF3-wt-inv,2,L,318,507,0.372781065,0.727317554,0.069894022,-0.354536489,-0.487457627
AKG,A,6/9/2018,1N:3L,16,N2,rare,CF3-wt-inv,3,L,364,507,0.282051282,0.727317554,0.069894022,-0.445266272,-0.61220339
AKG,A,6/9/2018,1N:3L,16,N2,rare,CF3-wt-inv,4,L,218,507,0.570019724,0.727317554,0.069894022,-0.15729783,-0.216271186
AKG,A,6/9/2018,1N:3L,17,N2,rare,CF3-wt-inv,1,M,103,507,0.796844181,0.727317554,0.069894022,0.069526627,0.095593221
AKG,A,6/9/2018,1N:3L,17,N2,rare,CF3-wt-inv,2,M,70,507,0.861932939,0.727317554,0.069894022,0.134615385,0.185084746
AKG,A,6/9/2018,1N:3L,17,N2,rare,CF3-wt-inv,3,L,176,507,0.652859961,0.727317554,0.069894022,-0.074457593,-0.102372881
AKG,A,6/9/2018,1N:3L,17,N2,rare,CF3-wt-inv,4,M,181,507,0.642998028,0.727317554,0.069894022,-0.084319526,-0.115932203
AKG,A,6/9/2018,1N:3L,18,N2,rare,CF3-wt-inv,1,M,150,507,0.704142012,0.727317554,0.069894022,-0.023175542,-0.031864406
AKG,A,6/9/2018,1N:3L,18,N2,rare,CF3-wt-inv,2,M,64,507,0.873767258,0.727317554,0.069894022,0.146449704,0.201355933
AKG,A,6/9/2018,1N:3L,18,N2,rare,CF3-wt-inv,3,M,272,507,0.463510848,0.727317554,0.069894022,-0.263806706,-0.362711864
AKG,A,6/9/2018,1N:3L,18,N2,rare,CF3-wt-inv,4,L,212,507,0.581854043,0.727317554,0.069894022,-0.145463511,-0.2
AKG,A,6/9/2018,1N:9L,19,N2,rare,CF3-wt-inv,1,L,129,507,0.74556213,0.727317554,0.069894022,0.018244576,0.025084746
AKG,A,6/9/2018,1N:9L,19,N2,rare,CF3-wt-inv,2,M,97,507,0.808678501,0.727317554,0.069894022,0.081360947,0.111864407
AKG,A,6/9/2018,1N:9L,19,N2,rare,CF3-wt-inv,3,L,369,507,0.272189349,0.727317554,0.069894022,-0.455128205,-0.625762712
AKG,A,6/9/2018,1N:9L,19,N2,rare,CF3-wt-inv,4,L,80,507,0.842209073,0.727317554,0.069894022,0.114891519,0.157966102
AKG,A,6/9/2018,1N:9L,20,N2,rare,CF3-wt-inv,1,M,117,507,0.769230769,0.727317554,0.069894022,0.041913215,0.057627119
AKG,A,6/9/2018,1N:9L,20,N2,rare,CF3-wt-inv,2,L,103,507,0.796844181,0.727317554,0.069894022,0.069526627,0.095593221
AKG,A,6/9/2018,1N:9L,20,N2,rare,CF3-wt-inv,3,L,133,507,0.737672584,0.727317554,0.069894022,0.01035503,0.014237288
AKG,A,6/9/2018,1N:9L,20,N2,rare,CF3-wt-inv,4,M,95,507,0.812623274,0.727317554,0.069894022,0.08530572,0.117288136
AKG,A,6/9/2018,1N:9L,21,N2,rare,CF3-wt-inv,1,M,82,507,0.8382643,0.727317554,0.069894022,0.110946746,0.152542373
AKG,A,6/9/2018,1N:9L,21,N2,rare,CF3-wt-inv,2,M,121,507,0.761341223,0.727317554,0.069894022,0.034023669,0.046779661
AKG,A,6/9/2018,1N:9L,21,N2,rare,CF3-wt-inv,3,L,222,507,0.562130178,0.727317554,0.069894022,-0.165187376,-0.227118644
AKG,A,6/9/2018,1N:9L,21,N2,rare,CF3-wt-inv,4,L,64,507,0.873767258,0.727317554,0.069894022,0.146449704,0.201355933
AKG,A,6/9/2018,1N:9L,22,N2,rare,CF3-wt-inv,1,L,132,507,0.73964497,0.727317554,0.069894022,0.012327416,0.016949153
AKG,A,6/9/2018,1N:9L,22,N2,rare,CF3-wt-inv,2,L,165,507,0.674556213,0.727317554,0.069894022,-0.052761341,-0.072542373
AKG,A,6/9/2018,1N:9L,22,N2,rare,CF3-wt-inv,3,M,50,507,0.901380671,0.727317554,0.069894022,0.174063117,0.239322034
AKG,A,6/9/2018,1N:9L,22,N2,rare,CF3-wt-inv,4,L,161,507,0.682445759,0.727317554,0.069894022,-0.044871795,-0.061694915
AKG,A,6/9/2018,1N:9L,23,N2,rare,CF3-wt-inv,1,M,94,507,0.814595661,0.727317554,0.069894022,0.087278107,0.12
AKG,A,6/9/2018,1N:9L,23,N2,rare,CF3-wt-inv,2,L,137,507,0.729783037,0.727317554,0.069894022,0.002465483,0.003389831
AKG,A,6/9/2018,1N:9L,23,N2,rare,CF3-wt-inv,3,M,110,507,0.783037475,0.727317554,0.069894022,0.055719921,0.07661017
AKG,A,6/9/2018,1N:9L,23,N2,rare,CF3-wt-inv,4,M,39,507,0.923076923,0.727317554,0.069894022,0.195759369,0.269152543
AKG,A,6/9/2018,1N:9L,24,N2,rare,CF3-wt-inv,1,M,63,507,0.875739645,0.727317554,0.069894022,0.148422091,0.204067797
AKG,A,6/9/2018,1N:9L,24,N2,rare,CF3-wt-inv,2,M,66,507,0.869822485,0.727317554,0.069894022,0.142504931,0.195932204
AKG,A,6/9/2018,1N:9L,24,N2,rare,CF3-wt-inv,3,L,202,507,0.601577909,0.727317554,0.069894022,-0.125739645,-0.172881356
AKG,A,6/9/2018,1N:9L,24,N2,rare,CF3-wt-inv,4,L,154,507,0.696252465,0.727317554,0.069894022,-0.031065089,-0.042711864
AKG,A,6/9/2018,9N:1L,1,CF3-wt-inv,rare,N2,1,L,51,479,0.893528184,0.782881002,0.054872043,0.110647182,0.141333333
AKG,A,6/9/2018,9N:1L,1,CF3-wt-inv,rare,N2,2,L,196,479,0.590814196,0.782881002,0.054872043,-0.192066806,-0.245333333
AKG,A,6/9/2018,9N:1L,1,CF3-wt-inv,rare,N2,3,L,62,479,0.870563674,0.782881002,0.054872043,0.087682672,0.112
AKG,A,6/9/2018,9N:1L,1,CF3-wt-inv,rare,N2,4,M,13,479,0.972860125,0.782881002,0.054872043,0.189979123,0.242666667
AKG,A,6/9/2018,9N:1L,2,CF3-wt-inv,rare,N2,1,L,132,479,0.724425887,0.782881002,0.054872043,-0.058455115,-0.074666667
AKG,A,6/9/2018,9N:1L,2,CF3-wt-inv,rare,N2,2,L,134,479,0.720250522,0.782881002,0.054872043,-0.06263048,-0.08
AKG,A,6/9/2018,9N:1L,2,CF3-wt-inv,rare,N2,3,L,49,479,0.897703549,0.782881002,0.054872043,0.114822547,0.146666667
AKG,A,6/9/2018,9N:1L,2,CF3-wt-inv,rare,N2,4,M,52,479,0.891440501,0.782881002,0.054872043,0.108559499,0.138666667
AKG,A,6/9/2018,9N:1L,3,CF3-wt-inv,rare,N2,1,L,38,479,0.920668058,0.782881002,0.054872043,0.137787056,0.176
AKG,A,6/9/2018,9N:1L,3,CF3-wt-inv,rare,N2,2,L,62,479,0.870563674,0.782881002,0.054872043,0.087682672,0.112
AKG,A,6/9/2018,9N:1L,3,CF3-wt-inv,rare,N2,3,L,17,479,0.964509395,0.782881002,0.054872043,0.181628393,0.232
AKG,A,6/9/2018,9N:1L,3,CF3-wt-inv,rare,N2,4,M,72,479,0.849686848,0.782881002,0.054872043,0.066805846,0.085333333
AKG,A,6/9/2018,9N:1L,4,CF3-wt-inv,rare,N2,1,M,46,479,0.903966597,0.782881002,0.054872043,0.121085595,0.154666667
AKG,A,6/9/2018,9N:1L,4,CF3-wt-inv,rare,N2,2,L,84,479,0.824634656,0.782881002,0.054872043,0.041753654,0.053333333
AKG,A,6/9/2018,9N:1L,4,CF3-wt-inv,rare,N2,3,L,73,479,0.847599165,0.782881002,0.054872043,0.064718163,0.082666667
AKG,A,6/9/2018,9N:1L,4,CF3-wt-inv,rare,N2,4,L,39,479,0.918580376,0.782881002,0.054872043,0.135699374,0.173333333
AKG,A,6/9/2018,9N:1L,5,CF3-wt-inv,rare,N2,1,L,102,479,0.787056367,0.782881002,0.054872043,0.004175365,0.005333333
AKG,A,6/9/2018,9N:1L,5,CF3-wt-inv,rare,N2,2,L,263,479,0.450939457,0.782881002,0.054872043,-0.331941545,-0.424
AKG,A,6/9/2018,9N:1L,5,CF3-wt-inv,rare,N2,3,L,217,479,0.54697286,0.782881002,0.054872043,-0.235908142,-0.301333333
AKG,A,6/9/2018,9N:1L,5,CF3-wt-inv,rare,N2,4,L,132,479,0.724425887,0.782881002,0.054872043,-0.058455115,-0.074666667
AKG,A,6/9/2018,9N:1L,6,CF3-wt-inv,rare,N2,1,M,43,479,0.910229645,0.782881002,0.054872043,0.127348643,0.162666667
AKG,A,6/9/2018,9N:1L,6,CF3-wt-inv,rare,N2,2,L,90,479,0.812108559,0.782881002,0.054872043,0.029227557,0.037333333
AKG,A,6/9/2018,9N:1L,6,CF3-wt-inv,rare,N2,3,L,62,479,0.870563674,0.782881002,0.054872043,0.087682672,0.112
AKG,A,6/9/2018,9N:1L,6,CF3-wt-inv,rare,N2,4,L,235,479,0.509394572,0.782881002,0.054872043,-0.27348643,-0.349333333
AKG,A,6/9/2018,3N:1L,7,CF3-wt-inv,rare,N2,1,L,86,479,0.82045929,0.782881002,0.054872043,0.037578288,0.048
AKG,A,6/9/2018,3N:1L,7,CF3-wt-inv,rare,N2,2,M,51,479,0.893528184,0.782881002,0.054872043,0.110647182,0.141333333
AKG,A,6/9/2018,3N:1L,7,CF3-wt-inv,rare,N2,3,L,52,479,0.891440501,0.782881002,0.054872043,0.108559499,0.138666667
AKG,A,6/9/2018,3N:1L,7,CF3-wt-inv,rare,N2,4,L,62,479,0.870563674,0.782881002,0.054872043,0.087682672,0.112
AKG,A,6/9/2018,3N:1L,8,CF3-wt-inv,rare,N2,1,L,75,479,0.8434238,0.782881002,0.054872043,0.060542798,0.077333333
AKG,A,6/9/2018,3N:1L,8,CF3-wt-inv,rare,N2,2,L,19,479,0.960334029,0.782881002,0.054872043,0.177453027,0.226666667
AKG,A,6/9/2018,3N:1L,8,CF3-wt-inv,rare,N2,3,L,86,479,0.82045929,0.782881002,0.054872043,0.037578288,0.048
AKG,A,6/9/2018,3N:1L,8,CF3-wt-inv,rare,N2,4,L,18,479,0.962421712,0.782881002,0.054872043,0.17954071,0.229333333
AKG,A,6/9/2018,3N:1L,9,CF3-wt-inv,rare,N2,1,L,94,479,0.803757829,0.782881002,0.054872043,0.020876827,0.026666667
AKG,A,6/9/2018,3N:1L,9,CF3-wt-inv,rare,N2,2,M,48,479,0.899791232,0.782881002,0.054872043,0.11691023,0.149333333
AKG,A,6/9/2018,3N:1L,9,CF3-wt-inv,rare,N2,3,L,28,479,0.941544885,0.782881002,0.054872043,0.158663883,0.202666667
AKG,A,6/9/2018,3N:1L,9,CF3-wt-inv,rare,N2,4,L,48,479,0.899791232,0.782881002,0.054872043,0.11691023,0.149333333
AKG,A,6/9/2018,3N:1L,10,CF3-wt-inv,rare,N2,1,M,109,479,0.772442589,0.782881002,0.054872043,-0.010438413,-0.013333333
AKG,A,6/9/2018,3N:1L,10,CF3-wt-inv,rare,N2,2,L,67,479,0.860125261,0.782881002,0.054872043,0.077244259,0.098666667
AKG,A,6/9/2018,3N:1L,10,CF3-wt-inv,rare,N2,3,M,39,479,0.918580376,0.782881002,0.054872043,0.135699374,0.173333333
AKG,A,6/9/2018,3N:1L,10,CF3-wt-inv,rare,N2,4,L,64,479,0.866388309,0.782881002,0.054872043,0.083507307,0.106666667
AKG,A,6/9/2018,3N:1L,11,CF3-wt-inv,rare,N2,1,L,45,479,0.90605428,0.782881002,0.054872043,0.123173278,0.157333333
AKG,A,6/9/2018,3N:1L,11,CF3-wt-inv,rare,N2,2,M,123,479,0.743215031,0.782881002,0.054872043,-0.039665971,-0.050666667
AKG,A,6/9/2018,3N:1L,11,CF3-wt-inv,rare,N2,3,L,129,479,0.730688935,0.782881002,0.054872043,-0.052192067,-0.066666667
AKG,A,6/9/2018,3N:1L,11,CF3-wt-inv,rare,N2,4,L,87,479,0.818371608,0.782881002,0.054872043,0.035490606,0.045333333
AKG,A,6/9/2018,3N:1L,12,CF3-wt-inv,rare,N2,1,L,44,479,0.908141962,0.782881002,0.054872043,0.12526096,0.16
AKG,A,6/9/2018,3N:1L,12,CF3-wt-inv,rare,N2,2,M,41,479,0.91440501,0.782881002,0.054872043,0.131524008,0.168
AKG,A,6/9/2018,3N:1L,12,CF3-wt-inv,rare,N2,3,L,66,479,0.862212944,0.782881002,0.054872043,0.079331942,0.101333333
AKG,A,6/9/2018,3N:1L,12,CF3-wt-inv,rare,N2,4,M,35,479,0.926931106,0.782881002,0.054872043,0.144050104,0.184
AKG,A,6/9/2018,1N:3L,13,CF3-wt-inv,common,CF3-wt-inv,1,M,43,479,0.910229645,0.782881002,0.054872043,0.127348643,0.162666667
AKG,A,6/9/2018,1N:3L,13,CF3-wt-inv,common,CF3-wt-inv,2,L,137,479,0.713987474,0.782881002,0.054872043,-0.068893528,-0.088
AKG,A,6/9/2018,1N:3L,13,CF3-wt-inv,common,CF3-wt-inv,3,L,71,479,0.85177453,0.782881002,0.054872043,0.068893528,0.088
AKG,A,6/9/2018,1N:3L,13,CF3-wt-inv,common,CF3-wt-inv,4,M,108,479,0.774530271,0.782881002,0.054872043,-0.008350731,-0.010666667
AKG,A,6/9/2018,1N:3L,14,CF3-wt-inv,common,CF3-wt-inv,1,L,40,479,0.916492693,0.782881002,0.054872043,0.133611691,0.170666667
AKG,A,6/9/2018,1N:3L,14,CF3-wt-inv,common,CF3-wt-inv,2,L,80,479,0.832985386,0.782881002,0.054872043,0.050104384,0.064
AKG,A,6/9/2018,1N:3L,14,CF3-wt-inv,common,CF3-wt-inv,3,M,46,479,0.903966597,0.782881002,0.054872043,0.121085595,0.154666667
AKG,A,6/9/2018,1N:3L,14,CF3-wt-inv,common,CF3-wt-inv,4,L,35,479,0.926931106,0.782881002,0.054872043,0.144050104,0.184
AKG,A,6/9/2018,1N:3L,15,CF3-wt-inv,common,CF3-wt-inv,1,L,57,479,0.881002088,0.782881002,0.054872043,0.098121086,0.125333333
AKG,A,6/9/2018,1N:3L,15,CF3-wt-inv,common,CF3-wt-inv,2,M,157,479,0.67223382,0.782881002,0.054872043,-0.110647182,-0.141333333
AKG,A,6/9/2018,1N:3L,15,CF3-wt-inv,common,CF3-wt-inv,3,L,161,479,0.66388309,0.782881002,0.054872043,-0.118997912,-0.152
AKG,A,6/9/2018,1N:3L,15,CF3-wt-inv,common,CF3-wt-inv,4,L,27,479,0.943632568,0.782881002,0.054872043,0.160751566,0.205333333
AKG,A,6/9/2018,1N:3L,16,CF3-wt-inv,common,CF3-wt-inv,1,L,23,479,0.951983299,0.782881002,0.054872043,0.169102297,0.216
AKG,A,6/9/2018,1N:3L,16,CF3-wt-inv,common,CF3-wt-inv,2,L,152,479,0.682672234,0.782881002,0.054872043,-0.100208768,-0.128
AKG,A,6/9/2018,1N:3L,16,CF3-wt-inv,common,CF3-wt-inv,3,L,132,479,0.724425887,0.782881002,0.054872043,-0.058455115,-0.074666667
AKG,A,6/9/2018,1N:3L,16,CF3-wt-inv,common,CF3-wt-inv,4,L,59,479,0.876826722,0.782881002,0.054872043,0.09394572,0.12
AKG,A,6/9/2018,1N:3L,17,CF3-wt-inv,common,CF3-wt-inv,1,L,60,479,0.87473904,0.782881002,0.054872043,0.091858038,0.117333333
AKG,A,6/9/2018,1N:3L,17,CF3-wt-inv,common,CF3-wt-inv,2,M,64,479,0.866388309,0.782881002,0.054872043,0.083507307,0.106666667
AKG,A,6/9/2018,1N:3L,17,CF3-wt-inv,common,CF3-wt-inv,3,L,54,479,0.887265136,0.782881002,0.054872043,0.104384134,0.133333333
AKG,A,6/9/2018,1N:3L,17,CF3-wt-inv,common,CF3-wt-inv,4,L,64,479,0.866388309,0.782881002,0.054872043,0.083507307,0.106666667
AKG,A,6/9/2018,1N:3L,18,CF3-wt-inv,common,CF3-wt-inv,1,L,95,479,0.801670146,0.782881002,0.054872043,0.018789144,0.024
AKG,A,6/9/2018,1N:3L,18,CF3-wt-inv,common,CF3-wt-inv,2,L,57,479,0.881002088,0.782881002,0.054872043,0.098121086,0.125333333
AKG,A,6/9/2018,1N:3L,18,CF3-wt-inv,common,CF3-wt-inv,3,L,44,479,0.908141962,0.782881002,0.054872043,0.12526096,0.16
AKG,A,6/9/2018,1N:3L,18,CF3-wt-inv,common,CF3-wt-inv,4,L,16,479,0.966597077,0.782881002,0.054872043,0.183716075,0.234666667
AKG,A,6/9/2018,1N:9L,19,CF3-wt-inv,common,CF3-wt-inv,1,L,90,479,0.812108559,0.782881002,0.054872043,0.029227557,0.037333333
AKG,A,6/9/2018,1N:9L,19,CF3-wt-inv,common,CF3-wt-inv,2,M,50,479,0.895615866,0.782881002,0.054872043,0.112734864,0.144
AKG,A,6/9/2018,1N:9L,19,CF3-wt-inv,common,CF3-wt-inv,3,L,83,479,0.826722338,0.782881002,0.054872043,0.043841336,0.056
AKG,A,6/9/2018,1N:9L,19,CF3-wt-inv,common,CF3-wt-inv,4,L,101,479,0.78914405,0.782881002,0.054872043,0.006263048,0.008
AKG,A,6/9/2018,1N:9L,20,CF3-wt-inv,common,CF3-wt-inv,1,L,65,479,0.864300626,0.782881002,0.054872043,0.081419624,0.104
AKG,A,6/9/2018,1N:9L,20,CF3-wt-inv,common,CF3-wt-inv,2,L,59,479,0.876826722,0.782881002,0.054872043,0.09394572,0.12
AKG,A,6/9/2018,1N:9L,20,CF3-wt-inv,common,CF3-wt-inv,3,L,79,479,0.835073069,0.782881002,0.054872043,0.052192067,0.066666667
AKG,A,6/9/2018,1N:9L,20,CF3-wt-inv,common,CF3-wt-inv,4,L,26,479,0.945720251,0.782881002,0.054872043,0.162839249,0.208
AKG,A,6/9/2018,1N:9L,21,CF3-wt-inv,common,CF3-wt-inv,1,L,62,479,0.870563674,0.782881002,0.054872043,0.087682672,0.112
AKG,A,6/9/2018,1N:9L,21,CF3-wt-inv,common,CF3-wt-inv,2,L,14,479,0.970772443,0.782881002,0.054872043,0.187891441,0.24
AKG,A,6/9/2018,1N:9L,21,CF3-wt-inv,common,CF3-wt-inv,3,L,30,479,0.93736952,0.782881002,0.054872043,0.154488518,0.197333333
AKG,A,6/9/2018,1N:9L,21,CF3-wt-inv,common,CF3-wt-inv,4,M,88,479,0.816283925,0.782881002,0.054872043,0.033402923,0.042666667
AKG,A,6/9/2018,1N:9L,22,CF3-wt-inv,common,CF3-wt-inv,1,L,72,479,0.849686848,0.782881002,0.054872043,0.066805846,0.085333333
AKG,A,6/9/2018,1N:9L,22,CF3-wt-inv,common,CF3-wt-inv,2,L,32,479,0.933194154,0.782881002,0.054872043,0.150313152,0.192
AKG,A,6/9/2018,1N:9L,22,CF3-wt-inv,common,CF3-wt-inv,3,L,55,479,0.885177453,0.782881002,0.054872043,0.102296451,0.130666667
AKG,A,6/9/2018,1N:9L,22,CF3-wt-inv,common,CF3-wt-inv,4,L,46,479,0.903966597,0.782881002,0.054872043,0.121085595,0.154666667
AKG,A,6/9/2018,1N:9L,23,CF3-wt-inv,common,CF3-wt-inv,1,L,118,479,0.753653445,0.782881002,0.054872043,-0.029227557,-0.037333333
AKG,A,6/9/2018,1N:9L,23,CF3-wt-inv,common,CF3-wt-inv,2,L,35,479,0.926931106,0.782881002,0.054872043,0.144050104,0.184
AKG,A,6/9/2018,1N:9L,23,CF3-wt-inv,common,CF3-wt-inv,3,L,55,479,0.885177453,0.782881002,0.054872043,0.102296451,0.130666667
AKG,A,6/9/2018,1N:9L,23,CF3-wt-inv,common,CF3-wt-inv,4,L,37,479,0.922755741,0.782881002,0.054872043,0.139874739,0.178666667
AKG,A,6/9/2018,1N:9L,24,CF3-wt-inv,common,CF3-wt-inv,1,L,62,479,0.870563674,0.782881002,0.054872043,0.087682672,0.112
AKG,A,6/9/2018,1N:9L,24,CF3-wt-inv,common,CF3-wt-inv,2,M,83,479,0.826722338,0.782881002,0.054872043,0.043841336,0.056
AKG,A,6/9/2018,1N:9L,24,CF3-wt-inv,common,CF3-wt-inv,3,L,54,479,0.887265136,0.782881002,0.054872043,0.104384134,0.133333333
AKG,A,6/9/2018,1N:9L,24,CF3-wt-inv,common,CF3-wt-inv,4,M,56,479,0.88308977,0.782881002,0.054872043,0.100208768,0.128
AKG,B,9/28/2018,9N:1L,1,N2,common,N2,1,ltm,46,370,0.875608437,0.784680908,0.049425527,0.090927529,0.115964039
AKG,B,9/28/2018,9N:1L,1,N2,common,N2,2,ltm,72,370,0.805300162,0.784680908,0.049425527,0.020619254,0.02641137
AKG,B,9/28/2018,9N:1L,1,N2,common,N2,3,ltm,67,370,0.818820984,0.784680908,0.049425527,0.034140076,0.043633037
AKG,B,9/28/2018,9N:1L,1,N2,common,N2,4,ltm,66,370,0.821525149,0.784680908,0.049425527,0.036844241,0.04707737
AKG,B,9/28/2018,9N:1L,2,N2,common,N2,1,ltm,76,370,0.794483505,0.784680908,0.049425527,0.009802597,0.012634036
AKG,B,9/28/2018,9N:1L,2,N2,common,N2,2,ltm,105,370,0.716062737,0.784680908,0.049425527,-0.068618171,-0.087251634
AKG,B,9/28/2018,9N:1L,2,N2,common,N2,3,ltm,115,370,0.689021092,0.784680908,0.049425527,-0.095659816,-0.121694969
AKG,B,9/28/2018,9N:1L,2,N2,common,N2,4,ltm,58,370,0.843158464,0.784680908,0.049425527,0.058477556,0.074632038
AKG,B,9/28/2018,9N:1L,3,N2,common,N2,1,mp,116,370,0.686316928,0.784680908,0.049425527,-0.09836398,-0.125139303
AKG,B,9/28/2018,9N:1L,3,N2,common,N2,2,mp,61,370,0.835045971,0.784680908,0.049425527,0.050365063,0.064299038
AKG,B,9/28/2018,9N:1L,3,N2,common,N2,3,mp,149,370,0.597079502,0.784680908,0.049425527,-0.187601406,-0.238802307
AKG,B,9/28/2018,9N:1L,3,N2,common,N2,4,mp,132,370,0.643050297,0.784680908,0.049425527,-0.141630611,-0.180248638
AKG,B,9/28/2018,9N:1L,4,N2,common,N2,1,mp,43,370,0.88372093,0.784680908,0.049425527,0.099040022,0.12629704
AKG,B,9/28/2018,9N:1L,4,N2,common,N2,2,mp,87,370,0.764737696,0.784680908,0.049425527,-0.019943212,-0.025253632
AKG,B,9/28/2018,9N:1L,4,N2,common,N2,3,mp,76,370,0.794483505,0.784680908,0.049425527,0.009802597,0.012634036
AKG,B,9/28/2018,9N:1L,4,N2,common,N2,4,mp,117,370,0.683612764,0.784680908,0.049425527,-0.101068144,-0.128583636
AKG,B,9/28/2018,9N:1L,5,N2,common,N2,1,mp,29,370,0.921579232,0.784680908,0.049425527,0.136898324,0.174517708
AKG,B,9/28/2018,9N:1L,5,N2,common,N2,2,mp,122,370,0.670091942,0.784680908,0.049425527,-0.114588966,-0.145805303
AKG,B,9/28/2018,9N:1L,5,N2,common,N2,3,mp,132,370,0.643050297,0.784680908,0.049425527,-0.141630611,-0.180248638
AKG,B,9/28/2018,9N:1L,5,N2,common,N2,4,mp,88,370,0.762033532,0.784680908,0.049425527,-0.022647376,-0.028697966
AKG,B,9/28/2018,9N:1L,6,N2,common,N2,1,mp,122,370,0.670091942,0.784680908,0.049425527,-0.114588966,-0.145805303
AKG,B,9/28/2018,9N:1L,6,N2,common,N2,2,mp,113,370,0.694429421,0.784680908,0.049425527,-0.090251487,-0.114806302
AKG,B,9/28/2018,9N:1L,6,N2,common,N2,3,mp,77,370,0.79177934,0.784680908,0.049425527,0.007098432,0.009189702
AKG,B,9/28/2018,9N:1L,6,N2,common,N2,4,mp,59,370,0.8404543,0.784680908,0.049425527,0.055773392,0.071187704
AKG,B,9/28/2018,3N:1L,7,N2,common,N2,1,mp,112,370,0.697133586,0.784680908,0.049425527,-0.087547322,-0.111361969
AKG,B,9/28/2018,3N:1L,7,N2,common,N2,2,mp,113,370,0.694429421,0.784680908,0.049425527,-0.090251487,-0.114806302
AKG,B,9/28/2018,3N:1L,7,N2,common,N2,3,mp,83,370,0.775554354,0.784680908,0.049425527,-0.009126554,-0.011476298
AKG,B,9/28/2018,3N:1L,7,N2,common,N2,4,mp,121,370,0.672796106,0.784680908,0.049425527,-0.111884802,-0.14236097
AKG,B,9/28/2018,3N:1L,8,N2,common,N2,1,mp,96,370,0.740400216,0.784680908,0.049425527,-0.044280692,-0.056252633
AKG,B,9/28/2018,3N:1L,8,N2,common,N2,2,mp,111,370,0.69983775,0.784680908,0.049425527,-0.084843158,-0.107917635
AKG,B,9/28/2018,3N:1L,8,N2,common,N2,3,mp,113,370,0.694429421,0.784680908,0.049425527,-0.090251487,-0.114806302
AKG,B,9/28/2018,3N:1L,8,N2,common,N2,4,mp,54,370,0.853975122,0.784680908,0.049425527,0.069294214,0.088409372
AKG,B,9/28/2018,3N:1L,9,N2,common,N2,1,do,117,370,0.683612764,0.784680908,0.049425527,-0.101068144,-0.128583636
AKG,B,9/28/2018,3N:1L,9,N2,common,N2,2,do,70,370,0.810708491,0.784680908,0.049425527,0.026027583,0.033300036
AKG,B,9/28/2018,3N:1L,9,N2,common,N2,3,do,77,370,0.79177934,0.784680908,0.049425527,0.007098432,0.009189702
AKG,B,9/28/2018,3N:1L,9,N2,common,N2,4,mp,21,370,0.943212547,0.784680908,0.049425527,0.158531639,0.202072376
AKG,B,9/28/2018,3N:1L,10,N2,common,N2,1,mp,101,370,0.726879394,0.784680908,0.049425527,-0.057801514,-0.073474301
AKG,B,9/28/2018,3N:1L,10,N2,common,N2,2,mp,53,370,0.856679286,0.784680908,0.049425527,0.071998378,0.091853705
AKG,B,9/28/2018,3N:1L,10,N2,common,N2,3,mp,110,370,0.702541915,0.784680908,0.049425527,-0.082138993,-0.104473302
AKG,B,9/28/2018,3N:1L,10,N2,common,N2,4,mp,72,370,0.805300162,0.784680908,0.049425527,0.020619254,0.02641137
AKG,B,9/28/2018,3N:1L,11,N2,common,N2,1,ltm,60,370,0.837750135,0.784680908,0.049425527,0.053069227,0.067743371
AKG,B,9/28/2018,3N:1L,11,N2,common,N2,2,ltm,18,370,0.951325041,0.784680908,0.049425527,0.166644133,0.212405376
AKG,B,9/28/2018,3N:1L,11,N2,common,N2,3,ltm,119,370,0.678204435,0.784680908,0.049425527,-0.106476473,-0.135472303
AKG,B,9/28/2018,3N:1L,12,N2,common,N2,1,mp,16,370,0.956733369,0.784680908,0.049425527,0.172052461,0.219294043
AKG,B,9/28/2018,3N:1L,12,N2,common,N2,2,mp,42,370,0.886425095,0.784680908,0.049425527,0.101744187,0.129741373
AKG,B,9/28/2018,3N:1L,12,N2,common,N2,3,mp,7,370,0.981070849,0.784680908,0.049425527,0.196389941,0.250293044
AKG,B,9/28/2018,3N:1L,12,N2,common,N2,4,mp,53,370,0.856679286,0.784680908,0.049425527,0.071998378,0.091853705
AKG,B,9/28/2018,1N:3L,13,N2,rare,CF3-wt-inv,1,mp,100,370,0.729583559,0.784680908,0.049425527,-0.055097349,-0.070029967
AKG,B,9/28/2018,1N:3L,13,N2,rare,CF3-wt-inv,2,mp,98,370,0.734991888,0.784680908,0.049425527,-0.04968902,-0.0631413
AKG,B,9/28/2018,1N:3L,13,N2,rare,CF3-wt-inv,3,mp,98,370,0.734991888,0.784680908,0.049425527,-0.04968902,-0.0631413
AKG,B,9/28/2018,1N:3L,13,N2,rare,CF3-wt-inv,4,mp,74,370,0.799891833,0.784680908,0.049425527,0.015210925,0.019522703
AKG,B,9/28/2018,1N:3L,14,N2,rare,CF3-wt-inv,1,mp,82,370,0.778258518,0.784680908,0.049425527,-0.00642239,-0.008031965
AKG,B,9/28/2018,1N:3L,14,N2,rare,CF3-wt-inv,2,mp,96,370,0.740400216,0.784680908,0.049425527,-0.044280692,-0.056252633
AKG,B,9/28/2018,1N:3L,14,N2,rare,CF3-wt-inv,3,mp,95,370,0.743104381,0.784680908,0.049425527,-0.041576527,-0.0528083
AKG,B,9/28/2018,1N:3L,14,N2,rare,CF3-wt-inv,4,mp,146,370,0.605191996,0.784680908,0.049425527,-0.179488912,-0.228469306
AKG,B,9/28/2018,1N:3L,15,N2,rare,CF3-wt-inv,1,mp,193,370,0.478096268,0.784680908,0.049425527,-0.30658464,-0.390352979
AKG,B,9/28/2018,1N:3L,15,N2,rare,CF3-wt-inv,2,mp,73,370,0.802595998,0.784680908,0.049425527,0.01791509,0.022967036
AKG,B,9/28/2018,1N:3L,15,N2,rare,CF3-wt-inv,3,mp,98,370,0.734991888,0.784680908,0.049425527,-0.04968902,-0.0631413
AKG,B,9/28/2018,1N:3L,15,N2,rare,CF3-wt-inv,4,mp,130,370,0.648458626,0.784680908,0.049425527,-0.136222282,-0.173359971
AKG,B,9/28/2018,1N:3L,16,N2,rare,CF3-wt-inv,1,ltm,126,370,0.659275284,0.784680908,0.049425527,-0.125405624,-0.159582637
AKG,B,9/28/2018,1N:3L,16,N2,rare,CF3-wt-inv,2,ltm,242,370,0.345592212,0.784680908,0.049425527,-0.439088696,-0.559125318
AKG,B,9/28/2018,1N:3L,16,N2,rare,CF3-wt-inv,3,ltm,167,370,0.548404543,0.784680908,0.049425527,-0.236276365,-0.300800309
AKG,B,9/28/2018,1N:3L,16,N2,rare,CF3-wt-inv,4,ltm,198,370,0.464575446,0.784680908,0.049425527,-0.320105462,-0.407574646
AKG,B,9/28/2018,1N:3L,17,N2,rare,CF3-wt-inv,1,mp,130,370,0.648458626,0.784680908,0.049425527,-0.136222282,-0.173359971
AKG,B,9/28/2018,1N:3L,17,N2,rare,CF3-wt-inv,2,mp,98,370,0.734991888,0.784680908,0.049425527,-0.04968902,-0.0631413
AKG,B,9/28/2018,1N:3L,17,N2,rare,CF3-wt-inv,3,mp,37,370,0.899945917,0.784680908,0.049425527,0.115265009,0.14696304
AKG,B,9/28/2018,1N:3L,17,N2,rare,CF3-wt-inv,4,mp,68,370,0.81611682,0.784680908,0.049425527,0.031435912,0.040188703
AKG,B,9/28/2018,1N:3L,18,N2,rare,CF3-wt-inv,1,mp,74,370,0.799891833,0.784680908,0.049425527,0.015210925,0.019522703
AKG,B,9/28/2018,1N:3L,18,N2,rare,CF3-wt-inv,2,mp,134,370,0.637641969,0.784680908,0.049425527,-0.147038939,-0.187137305
AKG,B,9/28/2018,1N:3L,18,N2,rare,CF3-wt-inv,3,mp,47,370,0.872904273,0.784680908,0.049425527,0.088223365,0.112519706
AKG,B,9/28/2018,1N:3L,18,N2,rare,CF3-wt-inv,4,do,85,370,0.770146025,0.784680908,0.049425527,-0.014534883,-0.018364965
AKG,B,9/28/2018,1N:9L,19,N2,rare,CF3-wt-inv,1,ltm,145,370,0.60789616,0.784680908,0.049425527,-0.176784748,-0.225024973
AKG,B,9/28/2018,1N:9L,19,N2,rare,CF3-wt-inv,2,ltm,165,370,0.553812872,0.784680908,0.049425527,-0.230868036,-0.293911642
AKG,B,9/28/2018,1N:9L,19,N2,rare,CF3-wt-inv,3,ltm,156,370,0.578150352,0.784680908,0.049425527,-0.206530556,-0.262912641
AKG,B,9/28/2018,1N:9L,19,N2,rare,CF3-wt-inv,4,ltm,223,370,0.396971336,0.784680908,0.049425527,-0.387709572,-0.493682982
AKG,B,9/28/2018,1N:9L,20,N2,rare,CF3-wt-inv,1,mp,49,370,0.867495944,0.784680908,0.049425527,0.082815036,0.105631039
AKG,B,9/28/2018,1N:9L,20,N2,rare,CF3-wt-inv,2,mp,108,370,0.707950243,0.784680908,0.049425527,-0.076730665,-0.097584635
AKG,B,9/28/2018,1N:9L,20,N2,rare,CF3-wt-inv,3,mp,70,370,0.810708491,0.784680908,0.049425527,0.026027583,0.033300036
AKG,B,9/28/2018,1N:9L,20,N2,rare,CF3-wt-inv,4,mp,61,370,0.835045971,0.784680908,0.049425527,0.050365063,0.064299038
AKG,B,9/28/2018,1N:9L,21,N2,rare,CF3-wt-inv,1,do,61,370,0.835045971,0.784680908,0.049425527,0.050365063,0.064299038
AKG,B,9/28/2018,1N:9L,21,N2,rare,CF3-wt-inv,2,mp,5,370,0.986479178,0.784680908,0.049425527,0.20179827,0.257181711
AKG,B,9/28/2018,1N:9L,21,N2,rare,CF3-wt-inv,3,do,95,370,0.743104381,0.784680908,0.049425527,-0.041576527,-0.0528083
AKG,B,9/28/2018,1N:9L,21,N2,rare,CF3-wt-inv,4,do,69,370,0.813412655,0.784680908,0.049425527,0.028731747,0.03674437
AKG,B,9/28/2018,1N:9L,22,N2,rare,CF3-wt-inv,1,mp,71,370,0.808004327,0.784680908,0.049425527,0.023323419,0.029855703
AKG,B,9/28/2018,1N:9L,22,N2,rare,CF3-wt-inv,2,mp,149,370,0.597079502,0.784680908,0.049425527,-0.187601406,-0.238802307
AKG,B,9/28/2018,1N:9L,22,N2,rare,CF3-wt-inv,3,mp,74,370,0.799891833,0.784680908,0.049425527,0.015210925,0.019522703
AKG,B,9/28/2018,1N:9L,22,N2,rare,CF3-wt-inv,4,mp,26,370,0.929691725,0.784680908,0.049425527,0.145010817,0.184850708
AKG,B,9/28/2018,1N:9L,23,N2,rare,CF3-wt-inv,1,mp,36,370,0.902650081,0.784680908,0.049425527,0.117969173,0.150407374
AKG,B,9/28/2018,1N:9L,23,N2,rare,CF3-wt-inv,2,mp,50,370,0.864791779,0.784680908,0.049425527,0.080110871,0.102186706
AKG,B,9/28/2018,1N:9L,23,N2,rare,CF3-wt-inv,3,mp,56,370,0.848566793,0.784680908,0.049425527,0.063885885,0.081520705
AKG,B,9/28/2018,1N:9L,23,N2,rare,CF3-wt-inv,4,mp,80,370,0.783666847,0.784680908,0.049425527,-0.001014061,-0.001143298
AKG,B,9/28/2018,1N:9L,24,N2,rare,CF3-wt-inv,1,mp,25,370,0.93239589,0.784680908,0.049425527,0.147714982,0.188295042
AKG,B,9/28/2018,1N:9L,24,N2,rare,CF3-wt-inv,2,mp,40,370,0.891833423,0.784680908,0.049425527,0.107152515,0.13663004
AKG,B,9/28/2018,1N:9L,24,N2,rare,CF3-wt-inv,3,mp,107,370,0.710654408,0.784680908,0.049425527,-0.0740265,-0.094140301
AKG,B,9/28/2018,1N:9L,24,N2,rare,CF3-wt-inv,4,mp,110,370,0.702541915,0.784680908,0.049425527,-0.082138993,-0.104473302
AKG,B,9/28/2018,9N:1L,1,CF3-wt-inv,rare,N2,1,mp,92,362,0.745856354,0.791781768,0.037226759,-0.045925414,-0.058002617
AKG,B,9/28/2018,9N:1L,1,CF3-wt-inv,rare,N2,2,mp,41,362,0.886740331,0.791781768,0.037226759,0.094958563,0.119930222
AKG,B,9/28/2018,9N:1L,1,CF3-wt-inv,rare,N2,3,mp,27,362,0.925414365,0.791781768,0.037226759,0.133632597,0.168774531
AKG,B,9/28/2018,9N:1L,1,CF3-wt-inv,rare,N2,4,mp,98,362,0.729281768,0.791781768,0.037226759,-0.0625,-0.078935892
AKG,B,9/28/2018,9N:1L,2,CF3-wt-inv,rare,N2,1,mp,149,362,0.58839779,0.791781768,0.037226759,-0.203383978,-0.256868731
AKG,B,9/28/2018,9N:1L,2,CF3-wt-inv,rare,N2,2,mp,92,362,0.745856354,0.791781768,0.037226759,-0.045925414,-0.058002617
AKG,B,9/28/2018,9N:1L,2,CF3-wt-inv,rare,N2,3,mp,94,362,0.740331492,0.791781768,0.037226759,-0.051450276,-0.064980375
AKG,B,9/28/2018,9N:1L,2,CF3-wt-inv,rare,N2,4,mp,132,362,0.635359116,0.791781768,0.037226759,-0.156422652,-0.197557785
AKG,B,9/28/2018,9N:1L,3,CF3-wt-inv,rare,N2,1,mp,117,362,0.67679558,0.791781768,0.037226759,-0.114986188,-0.145224597
AKG,B,9/28/2018,9N:1L,3,CF3-wt-inv,rare,N2,2,mp,92,362,0.745856354,0.791781768,0.037226759,-0.045925414,-0.058002617
AKG,B,9/28/2018,9N:1L,3,CF3-wt-inv,rare,N2,3,mp,133,362,0.632596685,0.791781768,0.037226759,-0.159185083,-0.201046664
AKG,B,9/28/2018,9N:1L,3,CF3-wt-inv,rare,N2,4,mp,54,362,0.850828729,0.791781768,0.037226759,0.059046961,0.074574793
AKG,B,9/28/2018,9N:1L,4,CF3-wt-inv,rare,N2,1,mp,73,362,0.798342541,0.791781768,0.037226759,0.006560773,0.008286088
AKG,B,9/28/2018,9N:1L,4,CF3-wt-inv,rare,N2,2,mp,129,362,0.643646409,0.791781768,0.037226759,-0.148135359,-0.187091147
AKG,B,9/28/2018,9N:1L,4,CF3-wt-inv,rare,N2,3,mp,139,362,0.616022099,0.791781768,0.037226759,-0.175759669,-0.221979939
AKG,B,9/28/2018,9N:1L,4,CF3-wt-inv,rare,N2,4,mp,159,362,0.560773481,0.791781768,0.037226759,-0.231008287,-0.291757523
AKG,B,9/28/2018,9N:1L,5,CF3-wt-inv,rare,N2,1,mp,160,362,0.55801105,0.791781768,0.037226759,-0.233770718,-0.295246402
AKG,B,9/28/2018,9N:1L,5,CF3-wt-inv,rare,N2,2,mp,197,362,0.455801105,0.791781768,0.037226759,-0.335980663,-0.424334932
AKG,B,9/28/2018,9N:1L,5,CF3-wt-inv,rare,N2,3,mp,103,362,0.715469613,0.791781768,0.037226759,-0.076312155,-0.096380288
AKG,B,9/28/2018,9N:1L,5,CF3-wt-inv,rare,N2,4,mp,122,362,0.662983425,0.791781768,0.037226759,-0.128798343,-0.162668993
AKG,B,9/28/2018,9N:1L,6,CF3-wt-inv,rare,N2,1,mp,108,362,0.701657459,0.791781768,0.037226759,-0.090124309,-0.113824684
AKG,B,9/28/2018,9N:1L,6,CF3-wt-inv,rare,N2,2,mp,122,362,0.662983425,0.791781768,0.037226759,-0.128798343,-0.162668993
AKG,B,9/28/2018,9N:1L,6,CF3-wt-inv,rare,N2,3,mp,116,362,0.679558011,0.791781768,0.037226759,-0.112223757,-0.141735717
AKG,B,9/28/2018,9N:1L,6,CF3-wt-inv,rare,N2,4,mp,40,362,0.889502762,0.791781768,0.037226759,0.097720994,0.123419102
AKG,B,9/28/2018,3N:1L,7,CF3-wt-inv,rare,N2,1,mp,39,362,0.892265193,0.791781768,0.037226759,0.100483425,0.126907981
AKG,B,9/28/2018,3N:1L,7,CF3-wt-inv,rare,N2,2,mp,34,362,0.906077348,0.791781768,0.037226759,0.11429558,0.144352377
AKG,B,9/28/2018,3N:1L,7,CF3-wt-inv,rare,N2,3,mp,61,362,0.831491713,0.791781768,0.037226759,0.039709945,0.050152638
AKG,B,9/28/2018,3N:1L,7,CF3-wt-inv,rare,N2,4,mp,27,362,0.925414365,0.791781768,0.037226759,0.133632597,0.168774531
AKG,B,9/28/2018,3N:1L,8,CF3-wt-inv,rare,N2,1,mp,59,362,0.837016575,0.791781768,0.037226759,0.045234807,0.057130397
AKG,B,9/28/2018,3N:1L,8,CF3-wt-inv,rare,N2,2,mp,53,362,0.85359116,0.791781768,0.037226759,0.061809392,0.078063672
AKG,B,9/28/2018,3N:1L,8,CF3-wt-inv,rare,N2,3,mp,94,362,0.740331492,0.791781768,0.037226759,-0.051450276,-0.064980375
AKG,B,9/28/2018,3N:1L,8,CF3-wt-inv,rare,N2,4,mp,51,362,0.859116022,0.791781768,0.037226759,0.067334254,0.08504143
AKG,B,9/28/2018,3N:1L,9,CF3-wt-inv,rare,N2,1,mp,103,362,0.715469613,0.791781768,0.037226759,-0.076312155,-0.096380288
AKG,B,9/28/2018,3N:1L,9,CF3-wt-inv,rare,N2,2,mp,78,362,0.784530387,0.791781768,0.037226759,-0.007251381,-0.009158308
AKG,B,9/28/2018,3N:1L,9,CF3-wt-inv,rare,N2,3,mp,157,362,0.566298343,0.791781768,0.037226759,-0.225483425,-0.284779765
AKG,B,9/28/2018,3N:1L,9,CF3-wt-inv,rare,N2,4,mp,94,362,0.740331492,0.791781768,0.037226759,-0.051450276,-0.064980375
AKG,B,9/28/2018,3N:1L,10,CF3-wt-inv,rare,N2,1,mp,62,362,0.828729282,0.791781768,0.037226759,0.036947514,0.046663759
AKG,B,9/28/2018,3N:1L,10,CF3-wt-inv,rare,N2,2,mp,40,362,0.889502762,0.791781768,0.037226759,0.097720994,0.123419102
AKG,B,9/28/2018,3N:1L,10,CF3-wt-inv,rare,N2,3,mp,32,362,0.91160221,0.791781768,0.037226759,0.119820442,0.151330135
AKG,B,9/28/2018,3N:1L,10,CF3-wt-inv,rare,N2,4,mp,,,,,,,
AKG,B,9/28/2018,3N:1L,11,CF3-wt-inv,rare,N2,1,mp,77,362,0.787292818,0.791781768,0.037226759,-0.00448895,-0.005669429
AKG,B,9/28/2018,3N:1L,11,CF3-wt-inv,rare,N2,2,mp,33,362,0.908839779,0.791781768,0.037226759,0.117058011,0.147841256
AKG,B,9/28/2018,3N:1L,11,CF3-wt-inv,rare,N2,3,mp,71,362,0.803867403,0.791781768,0.037226759,0.012085635,0.015263846
AKG,B,9/28/2018,3N:1L,11,CF3-wt-inv,rare,N2,4,mp,113,362,0.687845304,0.791781768,0.037226759,-0.103936464,-0.13126908
AKG,B,9/28/2018,3N:1L,12,CF3-wt-inv,rare,N2,1,mp,131,362,0.638121547,0.791781768,0.037226759,-0.153660221,-0.194068905
AKG,B,9/28/2018,3N:1L,12,CF3-wt-inv,rare,N2,2,mp,229,362,0.367403315,0.791781768,0.037226759,-0.424378453,-0.535979067
AKG,B,9/28/2018,3N:1L,12,CF3-wt-inv,rare,N2,3,mp,89,362,0.754143646,0.791781768,0.037226759,-0.037638122,-0.047535979
AKG,B,9/28/2018,3N:1L,12,CF3-wt-inv,rare,N2,4,mp,,,,,,,
AKG,B,9/28/2018,1N:3L,13,CF3-wt-inv,common,CF3-wt-inv,1,mp,121,362,0.665745856,0.791781768,0.037226759,-0.126035912,-0.159180113
AKG,B,9/28/2018,1N:3L,13,CF3-wt-inv,common,CF3-wt-inv,2,mp,126,362,0.651933702,0.791781768,0.037226759,-0.139848066,-0.176624509
AKG,B,9/28/2018,1N:3L,13,CF3-wt-inv,common,CF3-wt-inv,3,mp,108,362,0.701657459,0.791781768,0.037226759,-0.090124309,-0.113824684
AKG,B,9/28/2018,1N:3L,13,CF3-wt-inv,common,CF3-wt-inv,4,mp,108,362,0.701657459,0.791781768,0.037226759,-0.090124309,-0.113824684
AKG,B,9/28/2018,1N:3L,14,CF3-wt-inv,common,CF3-wt-inv,1,mp,57,362,0.842541436,0.791781768,0.037226759,0.050759668,0.064108155
AKG,B,9/28/2018,1N:3L,14,CF3-wt-inv,common,CF3-wt-inv,2,mp,71,362,0.803867403,0.791781768,0.037226759,0.012085635,0.015263846
AKG,B,9/28/2018,1N:3L,14,CF3-wt-inv,common,CF3-wt-inv,3,mp,61,362,0.831491713,0.791781768,0.037226759,0.039709945,0.050152638
AKG,B,9/28/2018,1N:3L,14,CF3-wt-inv,common,CF3-wt-inv,4,mp,72,362,0.801104972,0.791781768,0.037226759,0.009323204,0.011774967
AKG,B,9/28/2018,1N:3L,15,CF3-wt-inv,common,CF3-wt-inv,1,mp,38,362,0.895027624,0.791781768,0.037226759,0.103245856,0.13039686
AKG,B,9/28/2018,1N:3L,15,CF3-wt-inv,common,CF3-wt-inv,2,mp,104,362,0.712707182,0.791781768,0.037226759,-0.079074586,-0.099869167
AKG,B,9/28/2018,1N:3L,15,CF3-wt-inv,common,CF3-wt-inv,3,mp,39,362,0.892265193,0.791781768,0.037226759,0.100483425,0.126907981
AKG,B,9/28/2018,1N:3L,15,CF3-wt-inv,common,CF3-wt-inv,4,mp,36,362,0.900552486,0.791781768,0.037226759,0.108770718,0.137374618
AKG,B,9/28/2018,1N:3L,16,CF3-wt-inv,common,CF3-wt-inv,1,mp,172,362,0.524861878,0.791781768,0.037226759,-0.26691989,-0.337112953
AKG,B,9/28/2018,1N:3L,16,CF3-wt-inv,common,CF3-wt-inv,2,mp,123,362,0.660220994,0.791781768,0.037226759,-0.131560774,-0.166157872
AKG,B,9/28/2018,1N:3L,16,CF3-wt-inv,common,CF3-wt-inv,3,mp,136,362,0.624309392,0.791781768,0.037226759,-0.167472376,-0.211513301
AKG,B,9/28/2018,1N:3L,16,CF3-wt-inv,common,CF3-wt-inv,4,mp,211,362,0.417127072,0.791781768,0.037226759,-0.374654696,-0.473179241
AKG,B,9/28/2018,1N:3L,17,CF3-wt-inv,common,CF3-wt-inv,1,mp,135,362,0.627071823,0.791781768,0.037226759,-0.164709945,-0.208024422
AKG,B,9/28/2018,1N:3L,17,CF3-wt-inv,common,CF3-wt-inv,2,mp,125,362,0.654696133,0.791781768,0.037226759,-0.137085635,-0.17313563
AKG,B,9/28/2018,1N:3L,17,CF3-wt-inv,common,CF3-wt-inv,3,mp,60,362,0.834254144,0.791781768,0.037226759,0.042472376,0.053641518
AKG,B,9/28/2018,1N:3L,17,CF3-wt-inv,common,CF3-wt-inv,4,mp,50,362,0.861878453,0.791781768,0.037226759,0.070096685,0.08853031
AKG,B,9/28/2018,1N:3L,18,CF3-wt-inv,common,CF3-wt-inv,1,mp,80,362,0.779005525,0.791781768,0.037226759,-0.012776243,-0.016136066
AKG,B,9/28/2018,1N:3L,18,CF3-wt-inv,common,CF3-wt-inv,2,mp,143,362,0.604972376,0.791781768,0.037226759,-0.186809392,-0.235935456
AKG,B,9/28/2018,1N:3L,18,CF3-wt-inv,common,CF3-wt-inv,3,mp,51,362,0.859116022,0.791781768,0.037226759,0.067334254,0.08504143
AKG,B,9/28/2018,1N:3L,18,CF3-wt-inv,common,CF3-wt-inv,4,mp,179,362,0.505524862,0.791781768,0.037226759,-0.286256906,-0.361535107
AKG,B,9/28/2018,1N:9L,19,CF3-wt-inv,common,CF3-wt-inv,1,mp,169,362,0.533149171,0.791781768,0.037226759,-0.258632597,-0.326646315
AKG,B,9/28/2018,1N:9L,19,CF3-wt-inv,common,CF3-wt-inv,2,mp,143,362,0.604972376,0.791781768,0.037226759,-0.186809392,-0.235935456
AKG,B,9/28/2018,1N:9L,19,CF3-wt-inv,common,CF3-wt-inv,3,mp,81,362,0.776243094,0.791781768,0.037226759,-0.015538674,-0.019624946
AKG,B,9/28/2018,1N:9L,19,CF3-wt-inv,common,CF3-wt-inv,4,mp,65,362,0.820441989,0.791781768,0.037226759,0.028660221,0.036197122
AKG,B,9/28/2018,1N:9L,20,CF3-wt-inv,common,CF3-wt-inv,1,mp,136,362,0.624309392,0.791781768,0.037226759,-0.167472376,-0.211513301
AKG,B,9/28/2018,1N:9L,20,CF3-wt-inv,common,CF3-wt-inv,2,mp,115,362,0.682320442,0.791781768,0.037226759,-0.109461326,-0.138246838
AKG,B,9/28/2018,1N:9L,20,CF3-wt-inv,common,CF3-wt-inv,3,mp,78,362,0.784530387,0.791781768,0.037226759,-0.007251381,-0.009158308
AKG,B,9/28/2018,1N:9L,20,CF3-wt-inv,common,CF3-wt-inv,4,mp,78,362,0.784530387,0.791781768,0.037226759,-0.007251381,-0.009158308
AKG,B,9/28/2018,1N:9L,21,CF3-wt-inv,common,CF3-wt-inv,1,mp,105,362,0.709944751,0.791781768,0.037226759,-0.081837017,-0.103358046
AKG,B,9/28/2018,1N:9L,21,CF3-wt-inv,common,CF3-wt-inv,2,mp,115,362,0.682320442,0.791781768,0.037226759,-0.109461326,-0.138246838
AKG,B,9/28/2018,1N:9L,21,CF3-wt-inv,common,CF3-wt-inv,3,mp,137,362,0.621546961,0.791781768,0.037226759,-0.170234807,-0.215002181
AKG,B,9/28/2018,1N:9L,21,CF3-wt-inv,common,CF3-wt-inv,4,mp,89,362,0.754143646,0.791781768,0.037226759,-0.037638122,-0.047535979
AKG,B,9/28/2018,1N:9L,22,CF3-wt-inv,common,CF3-wt-inv,1,mp,52,362,0.856353591,0.791781768,0.037226759,0.064571823,0.081552551
AKG,B,9/28/2018,1N:9L,22,CF3-wt-inv,common,CF3-wt-inv,2,mp,121,362,0.665745856,0.791781768,0.037226759,-0.126035912,-0.159180113
AKG,B,9/28/2018,1N:9L,22,CF3-wt-inv,common,CF3-wt-inv,3,mp,105,362,0.709944751,0.791781768,0.037226759,-0.081837017,-0.103358046
AKG,B,9/28/2018,1N:9L,22,CF3-wt-inv,common,CF3-wt-inv,4,mp,32,362,0.91160221,0.791781768,0.037226759,0.119820442,0.151330135
AKG,B,9/28/2018,1N:9L,23,CF3-wt-inv,common,CF3-wt-inv,1,mp,33,362,0.908839779,0.791781768,0.037226759,0.117058011,0.147841256
AKG,B,9/28/2018,1N:9L,23,CF3-wt-inv,common,CF3-wt-inv,2,mp,77,362,0.787292818,0.791781768,0.037226759,-0.00448895,-0.005669429
AKG,B,9/28/2018,1N:9L,23,CF3-wt-inv,common,CF3-wt-inv,3,mp,36,362,0.900552486,0.791781768,0.037226759,0.108770718,0.137374618
AKG,B,9/28/2018,1N:9L,23,CF3-wt-inv,common,CF3-wt-inv,4,mp,46,362,0.872928177,0.791781768,0.037226759,0.081146409,0.102485826
AKG,B,9/28/2018,1N:9L,24,CF3-wt-inv,common,CF3-wt-inv,1,mp,112,362,0.690607735,0.791781768,0.037226759,-0.101174033,-0.127780201
AKG,B,9/28/2018,1N:9L,24,CF3-wt-inv,common,CF3-wt-inv,2,mp,86,362,0.762430939,0.791781768,0.037226759,-0.029350829,-0.037069342
AKG,B,9/28/2018,1N:9L,24,CF3-wt-inv,common,CF3-wt-inv,3,mp,80,362,0.779005525,0.791781768,0.037226759,-0.012776243,-0.016136066
AKG,B,9/28/2018,1N:9L,24,CF3-wt-inv,common,CF3-wt-inv,4,mp,92,362,0.745856354,0.791781768,0.037226759,-0.045925414,-0.058002617
PSW,C,4/29/2019,3C:1E,25,ewIR68,rare,CB4856,1,,69,187,0.631016043,0.600713,0.019412,0.030303,0.050445126
PSW,C,4/29/2019,3C:1E,25,ewIR68,rare,CB4856,2,,68,187,0.636363636,0.600713,0.019412,0.035651,0.059347203
PSW,C,4/29/2019,3C:1E,25,ewIR68,rare,CB4856,3,,88,187,0.529411765,0.600713,0.019412,-0.071301,-0.118694344
PSW,C,4/29/2019,3C:1E,25,ewIR68,rare,CB4856,4,,53,187,0.71657754,0.600713,0.019412,0.115865,0.192878363
PSW,C,4/29/2019,3C:1E,25,ewIR68,rare,CB4856,5,,90,187,0.518716578,0.600713,0.019412,-0.081996,-0.136498498
PSW,C,4/29/2019,3C:1E,25,ewIR68,rare,CB4856,6,,86,187,0.540106952,0.600713,0.019412,-0.060606,-0.100890189
PSW,C,4/29/2019,3C:1E,26,ewIR68,rare,CB4856,1,,69,187,0.631016043,0.600713,0.019412,0.030303,0.050445126
PSW,C,4/29/2019,3C:1E,26,ewIR68,rare,CB4856,2,,112,187,0.401069519,0.600713,0.019412,-0.199643,-0.3323442
PSW,C,4/29/2019,3C:1E,26,ewIR68,rare,CB4856,3,,88,187,0.529411765,0.600713,0.019412,-0.071301,-0.118694344
PSW,C,4/29/2019,3C:1E,26,ewIR68,rare,CB4856,4,,80,187,0.572192513,0.600713,0.019412,-0.02852,-0.047477725
PSW,C,4/29/2019,3C:1E,26,ewIR68,rare,CB4856,5,,68,187,0.636363636,0.600713,0.019412,0.035651,0.059347203
PSW,C,4/29/2019,3C:1E,26,ewIR68,rare,CB4856,6,,56,187,0.700534759,0.600713,0.019412,0.099822,0.166172131
PSW,C,4/29/2019,3C:1E,27,ewIR68,rare,CB4856,1,,70,187,0.625668449,0.600713,0.019412,0.024955,0.041543048
PSW,C,4/29/2019,3C:1E,27,ewIR68,rare,CB4856,2,,86,187,0.540106952,0.600713,0.019412,-0.060606,-0.100890189
PSW,C,4/29/2019,3C:1E,27,ewIR68,rare,CB4856,3,,72,187,0.614973262,0.600713,0.019412,0.01426,0.023738894
PSW,C,4/29/2019,3C:1E,27,ewIR68,rare,CB4856,4,,69,187,0.631016043,0.600713,0.019412,0.030303,0.050445126
PSW,C,4/29/2019,3C:1E,27,ewIR68,rare,CB4856,5,,106,187,0.43315508,0.600713,0.019412,-0.167558,-0.278931736
PSW,C,4/29/2019,3C:1E,27,ewIR68,rare,CB4856,6,,90,187,0.518716578,0.600713,0.019412,-0.081996,-0.136498498
PSW,C,4/29/2019,3C:1E,28,ewIR68,rare,CB4856,1,,76,187,0.593582888,0.600713,0.019412,-0.00713,-0.011869416
PSW,C,4/29/2019,3C:1E,28,ewIR68,rare,CB4856,2,,50,187,0.732620321,0.600713,0.019412,0.131907,0.219584595
PSW,C,4/29/2019,3C:1E,28,ewIR68,rare,CB4856,3,,89,187,0.524064171,0.600713,0.019412,-0.076649,-0.127596421
PSW,C,4/29/2019,3C:1E,28,ewIR68,rare,CB4856,4,,110,187,0.411764706,0.600713,0.019412,-0.188948,-0.314540045
PSW,C,4/29/2019,3C:1E,28,ewIR68,rare,CB4856,5,,64,187,0.657754011,0.600713,0.019412,0.057041,0.094955512
PSW,C,4/29/2019,3C:1E,28,ewIR68,rare,CB4856,6,,129,187,0.310160428,0.600713,0.019412,-0.290553,-0.483679514
PSW,C,4/29/2019,3C:1E,29,ewIR68,rare,CB4856,1,,79,187,0.577540107,0.600713,0.019412,-0.023173,-0.038575648
PSW,C,4/29/2019,3C:1E,29,ewIR68,rare,CB4856,2,,70,187,0.625668449,0.600713,0.019412,0.024955,0.041543048
PSW,C,4/29/2019,3C:1E,29,ewIR68,rare,CB4856,3,,61,187,0.673796791,0.600713,0.019412,0.073084,0.121661744
PSW,C,4/29/2019,3C:1E,29,ewIR68,rare,CB4856,4,,110,187,0.411764706,0.600713,0.019412,-0.188948,-0.314540045
PSW,C,4/29/2019,3C:1E,29,ewIR68,rare,CB4856,5,,93,187,0.502673797,0.600713,0.019412,-0.098039,-0.16320473
PSW,C,4/29/2019,3C:1E,29,ewIR68,rare,CB4856,6,,84,187,0.550802139,0.600713,0.019412,-0.049911,-0.083086034
PSW,C,4/29/2019,3C:1E,30,ewIR68,rare,CB4856,1,,89,187,0.524064171,0.600713,0.019412,-0.076649,-0.127596421
PSW,C,4/29/2019,3C:1E,30,ewIR68,rare,CB4856,2,,129,187,0.310160428,0.600713,0.019412,-0.290553,-0.483679514
PSW,C,4/29/2019,3C:1E,30,ewIR68,rare,CB4856,3,,133,187,0.288770053,0.600713,0.019412,-0.311943,-0.519287824
PSW,C,4/29/2019,3C:1E,30,ewIR68,rare,CB4856,4,,106,187,0.43315508,0.600713,0.019412,-0.167558,-0.278931736
PSW,C,4/29/2019,3C:1E,30,ewIR68,rare,CB4856,5,,84,187,0.550802139,0.600713,0.019412,-0.049911,-0.083086034
PSW,C,4/29/2019,3C:1E,30,ewIR68,rare,CB4856,6,,67,187,0.64171123,0.600713,0.019412,0.040998,0.06824928
PSW,C,4/29/2019,3C:1E,25,CB4856,common,CB4856,1,,64,149,0.570469799,0.682326622,0.051132151,-0.111857,-0.163934426
PSW,C,4/29/2019,3C:1E,25,CB4856,common,CB4856,2,,52,149,0.651006711,0.682326622,0.051132151,-0.03132,-0.045901639
PSW,C,4/29/2019,3C:1E,25,CB4856,common,CB4856,3,,48,149,0.677852349,0.682326622,0.051132151,-0.004474,-0.006557377
PSW,C,4/29/2019,3C:1E,25,CB4856,common,CB4856,4,,70,149,0.530201342,0.682326622,0.051132151,-0.152125,-0.22295082
PSW,C,4/29/2019,3C:1E,25,CB4856,common,CB4856,5,,40,149,0.731543624,0.682326622,0.051132151,0.049217,0.072131147
PSW,C,4/29/2019,3C:1E,25,CB4856,common,CB4856,6,,23,149,0.845637584,0.682326622,0.051132151,0.163311,0.239344262
PSW,C,4/29/2019,3C:1E,26,CB4856,common,CB4856,1,,72,149,0.516778523,0.682326622,0.051132151,-0.165548,-0.242622951
PSW,C,4/29/2019,3C:1E,26,CB4856,common,CB4856,2,,19,149,0.872483221,0.682326622,0.051132151,0.190157,0.278688524
PSW,C,4/29/2019,3C:1E,26,CB4856,common,CB4856,3,,33,149,0.77852349,0.682326622,0.051132151,0.096197,0.140983606
PSW,C,4/29/2019,3C:1E,26,CB4856,common,CB4856,4,,18,149,0.879194631,0.682326622,0.051132151,0.196868,0.28852459
PSW,C,4/29/2019,3C:1E,26,CB4856,common,CB4856,5,,37,149,0.751677852,0.682326622,0.051132151,0.069351,0.101639344
PSW,C,4/29/2019,3C:1E,26,CB4856,common,CB4856,6,,53,149,0.644295302,0.682326622,0.051132151,-0.038031,-0.055737705
PSW,C,4/29/2019,3C:1E,27,CB4856,common,CB4856,1,,56,149,0.624161074,0.682326622,0.051132151,-0.058166,-0.085245902
PSW,C,4/29/2019,3C:1E,27,CB4856,common,CB4856,3,,85,149,0.429530201,0.682326622,0.051132151,-0.252796,-0.370491803
PSW,C,4/29/2019,3C:1E,27,CB4856,common,CB4856,4,,18,149,0.879194631,0.682326622,0.051132151,0.196868,0.28852459
PSW,C,4/29/2019,3C:1E,27,CB4856,common,CB4856,5,,59,149,0.604026846,0.682326622,0.051132151,-0.0783,-0.114754098
PSW,C,4/29/2019,3C:1E,27,CB4856,common,CB4856,6,,13,149,0.912751678,0.682326622,0.051132151,0.230425,0.337704918
PSW,C,4/29/2019,3C:1E,28,CB4856,common,CB4856,1,,79,149,0.469798658,0.682326622,0.051132151,-0.212528,-0.31147541
PSW,C,4/29/2019,3C:1E,28,CB4856,common,CB4856,3,,52,149,0.651006711,0.682326622,0.051132151,-0.03132,-0.045901639
PSW,C,4/29/2019,3C:1E,28,CB4856,common,CB4856,5,,9,149,0.939597315,0.682326622,0.051132151,0.257271,0.37704918
PSW,C,4/29/2019,3C:1E,28,CB4856,common,CB4856,6,,59,149,0.604026846,0.682326622,0.051132151,-0.0783,-0.114754098
PSW,C,4/29/2019,3C:1E,29,CB4856,common,CB4856,1,,38,149,0.744966443,0.682326622,0.051132151,0.06264,0.091803279
PSW,C,4/29/2019,3C:1E,29,CB4856,common,CB4856,3,,79,149,0.469798658,0.682326622,0.051132151,-0.212528,-0.31147541
PSW,C,4/29/2019,3C:1E,29,CB4856,common,CB4856,4,,33,149,0.77852349,0.682326622,0.051132151,0.096197,0.140983606
PSW,C,4/29/2019,3C:1E,29,CB4856,common,CB4856,5,,32,149,0.785234899,0.682326622,0.051132151,0.102908,0.150819672
PSW,C,4/29/2019,3C:1E,29,CB4856,common,CB4856,6,,42,149,0.718120805,0.682326622,0.051132151,0.035794,0.052459016
PSW,C,4/29/2019,3C:1E,30,CB4856,common,CB4856,2,,57,149,0.617449664,0.682326622,0.051132151,-0.064877,-0.095081967
PSW,C,4/29/2019,3C:1E,30,CB4856,common,CB4856,3,,68,149,0.543624161,0.682326622,0.051132151,-0.138702,-0.203278689
PSW,C,4/29/2019,3C:1E,30,CB4856,common,CB4856,4,,30,149,0.798657718,0.682326622,0.051132151,0.116331,0.170491803
PSW,C,4/29/2019,3C:1E,30,CB4856,common,CB4856,5,,49,149,0.67114094,0.682326622,0.051132151,-0.011186,-0.016393443
PSW,C,4/29/2019,3C:1E,30,CB4856,common,CB4856,6,,41,149,0.724832215,0.682326622,0.051132151,0.042506,0.062295082
PSW,C,4/29/2019,1C:3E,31,ewIR68,common,ewIR68,1,,119,187,0.363636364,0.600713,0.019412,-0.237077,-0.394658741
PSW,C,4/29/2019,1C:3E,31,ewIR68,common,ewIR68,2,,68,187,0.636363636,0.600713,0.019412,0.035651,0.059347203
PSW,C,4/29/2019,1C:3E,31,ewIR68,common,ewIR68,3,,82,187,0.561497326,0.600713,0.019412,-0.039216,-0.06528188
PSW,C,4/29/2019,1C:3E,31,ewIR68,common,ewIR68,4,,74,187,0.604278075,0.600713,0.019412,0.003565,0.005934739
PSW,C,4/29/2019,1C:3E,31,ewIR68,common,ewIR68,5,,61,187,0.673796791,0.600713,0.019412,0.073084,0.121661744
PSW,C,4/29/2019,1C:3E,31,ewIR68,common,ewIR68,6,,46,187,0.754010695,0.600713,0.019412,0.153298,0.255192904
PSW,C,4/29/2019,1C:3E,32,ewIR68,common,ewIR68,1,,11,187,0.941176471,0.600713,0.019412,0.340463,0.566765611
PSW,C,4/29/2019,1C:3E,32,ewIR68,common,ewIR68,2,,106,187,0.43315508,0.600713,0.019412,-0.167558,-0.278931736
PSW,C,4/29/2019,1C:3E,32,ewIR68,common,ewIR68,3,,100,187,0.465240642,0.600713,0.019412,-0.135472,-0.225519272
PSW,C,4/29/2019,1C:3E,32,ewIR68,common,ewIR68,4,,51,187,0.727272727,0.600713,0.019412,0.12656,0.210682518
PSW,C,4/29/2019,1C:3E,32,ewIR68,common,ewIR68,5,,89,187,0.524064171,0.600713,0.019412,-0.076649,-0.127596421
PSW,C,4/29/2019,1C:3E,32,ewIR68,common,ewIR68,6,,68,187,0.636363636,0.600713,0.019412,0.035651,0.059347203
PSW,C,4/29/2019,1C:3E,33,ewIR68,common,ewIR68,1,,92,187,0.50802139,0.600713,0.019412,-0.092692,-0.154302653
PSW,C,4/29/2019,1C:3E,33,ewIR68,common,ewIR68,2,,71,187,0.620320856,0.600713,0.019412,0.019608,0.032640971
PSW,C,4/29/2019,1C:3E,33,ewIR68,common,ewIR68,3,,76,187,0.593582888,0.600713,0.019412,-0.00713,-0.011869416
PSW,C,4/29/2019,1C:3E,33,ewIR68,common,ewIR68,4,,48,187,0.743315508,0.600713,0.019412,0.142602,0.23738875
PSW,C,4/29/2019,1C:3E,33,ewIR68,common,ewIR68,5,,71,187,0.620320856,0.600713,0.019412,0.019608,0.032640971
PSW,C,4/29/2019,1C:3E,33,ewIR68,common,ewIR68,6,,93,187,0.502673797,0.600713,0.019412,-0.098039,-0.16320473
PSW,C,4/29/2019,1C:3E,34,ewIR68,common,ewIR68,1,,122,187,0.347593583,0.600713,0.019412,-0.253119,-0.421364973
PSW,C,4/29/2019,1C:3E,34,ewIR68,common,ewIR68,2,,123,187,0.342245989,0.600713,0.019412,-0.258467,-0.43026705
PSW,C,4/29/2019,1C:3E,34,ewIR68,common,ewIR68,3,,113,187,0.395721925,0.600713,0.019412,-0.204991,-0.341246277
PSW,C,4/29/2019,1C:3E,34,ewIR68,common,ewIR68,4,,101,187,0.459893048,0.600713,0.019412,-0.14082,-0.234421349
PSW,C,4/29/2019,1C:3E,34,ewIR68,common,ewIR68,5,,84,187,0.550802139,0.600713,0.019412,-0.049911,-0.083086034
PSW,C,4/29/2019,1C:3E,34,ewIR68,common,ewIR68,6,,102,187,0.454545455,0.600713,0.019412,-0.146168,-0.243323426
PSW,C,4/29/2019,1C:3E,35,ewIR68,common,ewIR68,1,,79,187,0.577540107,0.600713,0.019412,-0.023173,-0.038575648
PSW,C,4/29/2019,1C:3E,35,ewIR68,common,ewIR68,2,,110,187,0.411764706,0.600713,0.019412,-0.188948,-0.314540045
PSW,C,4/29/2019,1C:3E,35,ewIR68,common,ewIR68,3,,88,187,0.529411765,0.600713,0.019412,-0.071301,-0.118694344
PSW,C,4/29/2019,1C:3E,35,ewIR68,common,ewIR68,4,,55,187,0.705882353,0.600713,0.019412,0.105169,0.175074208
PSW,C,4/29/2019,1C:3E,35,ewIR68,common,ewIR68,5,,104,187,0.443850267,0.600713,0.019412,-0.156863,-0.261127581
PSW,C,4/29/2019,1C:3E,35,ewIR68,common,ewIR68,6,,134,187,0.28342246,0.600713,0.019412,-0.317291,-0.528189901
PSW,C,4/29/2019,1C:3E,36,ewIR68,common,ewIR68,1,,77,187,0.588235294,0.600713,0.019412,-0.012478,-0.020771493
PSW,C,4/29/2019,1C:3E,36,ewIR68,common,ewIR68,2,,94,187,0.497326203,0.600713,0.019412,-0.103387,-0.172106808
PSW,C,4/29/2019,1C:3E,36,ewIR68,common,ewIR68,3,,131,187,0.299465241,0.600713,0.019412,-0.301248,-0.501483669
PSW,C,4/29/2019,1C:3E,36,ewIR68,common,ewIR68,4,,96,187,0.486631016,0.600713,0.019412,-0.114082,-0.189910962
PSW,C,4/29/2019,1C:3E,36,ewIR68,common,ewIR68,5,,93,187,0.502673797,0.600713,0.019412,-0.098039,-0.16320473
PSW,C,4/29/2019,1C:3E,36,ewIR68,common,ewIR68,6,,118,187,0.368983957,0.600713,0.019412,-0.231729,-0.385756664
PSW,C,4/29/2019,1C:3E,31,CB4856,rare,ewIR68,1,,15,149,0.899328859,0.682326622,0.051132151,0.217002,0.318032787
PSW,C,4/29/2019,1C:3E,31,CB4856,rare,ewIR68,2,,30,149,0.798657718,0.682326622,0.051132151,0.116331,0.170491803
PSW,C,4/29/2019,1C:3E,31,CB4856,rare,ewIR68,3,,103,149,0.308724832,0.682326622,0.051132151,-0.373602,-0.547540984
PSW,C,4/29/2019,1C:3E,31,CB4856,rare,ewIR68,4,,58,149,0.610738255,0.682326622,0.051132151,-0.071588,-0.104918033
PSW,C,4/29/2019,1C:3E,31,CB4856,rare,ewIR68,5,,74,149,0.503355705,0.682326622,0.051132151,-0.178971,-0.262295082
PSW,C,4/29/2019,1C:3E,31,CB4856,rare,ewIR68,6,,69,149,0.536912752,0.682326622,0.051132151,-0.145414,-0.213114754
PSW,C,4/29/2019,1C:3E,32,CB4856,rare,ewIR68,1,,45,149,0.697986577,0.682326622,0.051132151,0.01566,0.02295082
PSW,C,4/29/2019,1C:3E,32,CB4856,rare,ewIR68,2,,82,149,0.44966443,0.682326622,0.051132151,-0.232662,-0.340983607
PSW,C,4/29/2019,1C:3E,32,CB4856,rare,ewIR68,3,,42,149,0.718120805,0.682326622,0.051132151,0.035794,0.052459016
PSW,C,4/29/2019,1C:3E,32,CB4856,rare,ewIR68,4,,51,149,0.657718121,0.682326622,0.051132151,-0.024609,-0.036065574
PSW,C,4/29/2019,1C:3E,32,CB4856,rare,ewIR68,5,,48,149,0.677852349,0.682326622,0.051132151,-0.004474,-0.006557377
PSW,C,4/29/2019,1C:3E,32,CB4856,rare,ewIR68,6,,17,149,0.88590604,0.682326622,0.051132151,0.203579,0.298360656
PSW,C,4/29/2019,1C:3E,33,CB4856,rare,ewIR68,1,,64,149,0.570469799,0.682326622,0.051132151,-0.111857,-0.163934426
PSW,C,4/29/2019,1C:3E,33,CB4856,rare,ewIR68,2,,61,149,0.590604027,0.682326622,0.051132151,-0.091723,-0.13442623
PSW,C,4/29/2019,1C:3E,33,CB4856,rare,ewIR68,3,,30,149,0.798657718,0.682326622,0.051132151,0.116331,0.170491803
PSW,C,4/29/2019,1C:3E,33,CB4856,rare,ewIR68,4,,43,149,0.711409396,0.682326622,0.051132151,0.029083,0.042622951
PSW,C,4/29/2019,1C:3E,33,CB4856,rare,ewIR68,6,,41,149,0.724832215,0.682326622,0.051132151,0.042506,0.062295082
PSW,C,4/29/2019,1C:3E,34,CB4856,rare,ewIR68,1,,36,149,0.758389262,0.682326622,0.051132151,0.076063,0.11147541
PSW,C,4/29/2019,1C:3E,34,CB4856,rare,ewIR68,2,,65,149,0.563758389,0.682326622,0.051132151,-0.118568,-0.173770492
PSW,C,4/29/2019,1C:3E,34,CB4856,rare,ewIR68,3,,39,149,0.738255034,0.682326622,0.051132151,0.055928,0.081967213
PSW,C,4/29/2019,1C:3E,34,CB4856,rare,ewIR68,4,,84,149,0.436241611,0.682326622,0.051132151,-0.246085,-0.360655738
PSW,C,4/29/2019,1C:3E,34,CB4856,rare,ewIR68,5,,39,149,0.738255034,0.682326622,0.051132151,0.055928,0.081967213
PSW,C,4/29/2019,1C:3E,34,CB4856,rare,ewIR68,6,,29,149,0.805369128,0.682326622,0.051132151,0.123043,0.180327869
PSW,C,4/29/2019,1C:3E,35,CB4856,rare,ewIR68,1,,56,149,0.624161074,0.682326622,0.051132151,-0.058166,-0.085245902
PSW,C,4/29/2019,1C:3E,35,CB4856,rare,ewIR68,2,,57,149,0.617449664,0.682326622,0.051132151,-0.064877,-0.095081967
PSW,C,4/29/2019,1C:3E,35,CB4856,rare,ewIR68,3,,64,149,0.570469799,0.682326622,0.051132151,-0.111857,-0.163934426
PSW,C,4/29/2019,1C:3E,35,CB4856,rare,ewIR68,4,,99,149,0.33557047,0.682326622,0.051132151,-0.346756,-0.508196721
PSW,C,4/29/2019,1C:3E,35,CB4856,rare,ewIR68,6,,32,149,0.785234899,0.682326622,0.051132151,0.102908,0.150819672
PSW,C,4/29/2019,1C:3E,36,CB4856,rare,ewIR68,1,,71,149,0.523489933,0.682326622,0.051132151,-0.158837,-0.232786885
PSW,C,4/29/2019,1C:3E,36,CB4856,rare,ewIR68,2,,45,149,0.697986577,0.682326622,0.051132151,0.01566,0.02295082
PSW,C,4/29/2019,1C:3E,36,CB4856,rare,ewIR68,3,,61,149,0.590604027,0.682326622,0.051132151,-0.091723,-0.13442623
PSW,C,4/29/2019,1C:3E,36,CB4856,rare,ewIR68,4,,84,149,0.436241611,0.682326622,0.051132151,-0.246085,-0.360655738
PSW,C,4/29/2019,1C:3E,36,CB4856,rare,ewIR68,5,,33,149,0.77852349,0.682326622,0.051132151,0.096197,0.140983606
PSW,C,4/29/2019,1C:3E,36,CB4856,rare,ewIR68,6,,68,149,0.543624161,0.682326622,0.051132151,-0.138702,-0.203278689
